,id,titulo,label,canal,data_upload,categoria,tags,duracao_segundos,link,visualizacoes,quantidade_likes,query,tempo_desde_pub,visualizacoes_por_dia,probabilidade
503,watch?v=3Ie39phKdpk,Manual machine - learning BMX racing bike skills!,,Rockstar Harley,2022-10-11,['Sports'],"['bmx racing', 'bike skills', 'dream', 'fun kids', 'jump around', 'unstoppable', ""you can't stop me"", 'manual machine', 'wheelie', 'bike tricks', 'easy bike tricks', 'stunt rider', 'stunt', 'stunter', 'stunt riding', 'bike life', 'bmx life', 'mtb life', 'mountain bike', 'bmx freestyle', 'inspired by fabio wibmer', 'baby fabio wibmer', 'bike', 'learning to ride', 'learning bike skills', 'bmx inspiration', 'mtb inspiration', 'home work out', 'fitness', 'health']",11.0,https://www.youtube.com/watch?v=3Ie39phKdpk,53,954870.0,machine+learning,191.0,0.2774869109947644,0.309
523,watch?v=wtolixa9XTg,How I would learn Machine Learning (if I could start over),,AssemblyAI,2022-09-03,['People & Blogs'],,463.0,https://www.youtube.com/watch?v=wtolixa9XTg,210,10423.0,machine+learning,229.0,0.9170305676855895,0.338
524,watch?v=AopGnnPPczY,How I use Machine Learning as a Data Analyst,,Luke Barousse,2022-08-30,['Science & Technology'],"['data viz by luke', 'business intelligence', 'data science', 'bi', 'computer science', 'data nerd', 'data analyst', 'data scientist', 'how to', 'data project', 'data analytics', 'portfolio project', 'sql', 'excel', 'python', 'power bi', 'tableau', 'data engineer', 'machine learning', 'scikit learn', 'tensorflow', 'pytorch']",710.0,https://www.youtube.com/watch?v=AopGnnPPczY,94,3334.0,machine+learning,233.0,0.4034334763948498,0.303
529,watch?v=C82lT9cWQiA,Building a Machine Learning API in 15 Minutes | Coding Challenge,,Nicholas Renotte,2022-08-10,['Science & Technology'],"['coding challenge', 'python', 'machine learning', 'fast api']",1204.0,https://www.youtube.com/watch?v=C82lT9cWQiA,61,2225.0,machine+learning,253.0,0.2411067193675889,0.39
535,watch?v=6Gd9i3DxhkM,4 CR+ SALARY for DATA SCIENTISTS ??üî•GATE AIR-2 to MACHINE LEARNING @ AMAZONüî• Scaler Data Science,,E-Learning Bridge,2022-07-30,['Education'],"['shashank mishra', 'e learning bridge', 'data science', 'data scientist', 'a day in life of a data scientist', 'microsoft data scientist', 'microsoft data science interview', 'data science roadmap 2022', 'krish naik', 'data science interview', 'data science for beginners', 'data scientist in faang', 'data scientist salary', 'data science jobs', 'amazon data scientist', 'google data scientist', 'data science course', 'machine learning course', 'scaler', 'scaler review', 'machine learning', 'machine learning interview']",2415.0,https://www.youtube.com/watch?v=6Gd9i3DxhkM,494,10959.0,machine+learning,264.0,1.871212121212121,0.293
536,watch?v=XnqzHfhWDs0,¬øQu√© es el Machine Learning?,,Tecnocapsulas PUCV,2022-07-29,['Science & Technology'],"['Machine learning', 'Science', 'Stem', 'Aprendizaje autom√°tico', 'Computer science', 'Inteligencia artificial', 'Tecnolog√≠a', 'Pucv', 'Ciencia']",61.0,https://www.youtube.com/watch?v=XnqzHfhWDs0,99,5.0,machine+learning,265.0,0.3735849056603773,0.305
542,watch?v=Ip93CEAiCPs,Problem Solved [Building and Deploying Machine Learning Solutions with Vertex AI Challenge Lab],,Md. Bazlur Rahman Likhon,2022-07-02,['Education'],,1891.0,https://www.youtube.com/watch?v=Ip93CEAiCPs,85,2.0,machine+learning,292.0,0.2910958904109589,0.517
545,watch?v=iuLlMyAVYqE,Building and Deploying Machine Learning Solutions with Vertex AI: Challenge Lab | Qwiklabs [GSP354],,Techie Zilla,2022-06-29,['Science & Technology'],"['Techie Zilla', 'Google cloud ready', 'gcp', 'Qwiklabs', 'Qwiklab Support', 'GoogleCloudReady', '30DaysOfGoogleCloud', 'Cloud', 'Qwiklab', 'Qwiklabs Google Cloud', 'web', 'google cloud', 'Google Cloud Platform', 'Google Events', 'Free Google Swag', 'Free swags', 'Google Cloud Read Facilitator Program', 'Google Cloud Ready Program', '30 Days of Google Cloud', 'Learn to Earn Cloud Challenge', 'GSP354', 'Building and Deploying Machine Learning Solutions with Vertex AI: Challenge Lab']",565.0,https://www.youtube.com/watch?v=iuLlMyAVYqE,3,32.0,machine+learning,295.0,0.0101694915254237,0.328
546,watch?v=5gf2ntjVGe8,Andrew Ng‚Äôs Machine Learning Specialization 2022 | What is it and is it worth taking?,,Thu Vu data analytics,2022-06-29,['People & Blogs'],"['data analytics', 'data science', 'python', 'data', 'tableau', 'bi', 'programming', 'technology', 'coding', 'data visualization', 'python tutorial', 'data analyst', 'data scientist', 'data analysis', 'power bi', 'python data anlysis', 'data nerd', 'big data', 'learn to code', 'business intelligence', 'how to use r', 'r data analysis', 'vscode']",727.0,https://www.youtube.com/watch?v=5gf2ntjVGe8,90,3441.0,machine+learning,295.0,0.3050847457627119,0.548
547,watch?v=e6v8PD4CL10,Building and Deploying Machine Learning Solutions with Vertex AI: Challenge Lab#Learn_to_earn#gsp354,,Quick Lab,2022-06-28,['Comedy'],"['Google Cloud Ready Facilitator Program 2022 Solutions', 'Registrations', 'GCRF', 'Quick Lab', 'gcrf', 'learntoearn', 'Building and Deploying Machine Learning Solutions with Vertex AI: Challenge Lab', 'gsp354']",4835.0,https://www.youtube.com/watch?v=e6v8PD4CL10,1,24.0,machine+learning,296.0,0.0033783783783783,0.303
548,watch?v=Roz1-u8ZT20,What is Unsupervised Machine Learning? what is Topic Modeling? #shorts #aishorts,,Pradip Nichite,2022-06-25,['People & Blogs'],,60.0,https://www.youtube.com/watch?v=Roz1-u8ZT20,258,39.0,machine+learning,299.0,0.862876254180602,0.482
553,watch?v=_GqOTTHeXqc,What is Machine Learning in 1 Minute | CODE24,,CODE24,2022-06-19,['Education'],"['what is machine learning', 'machine learning', 'ml', 'ai', 'artificial intelligence', 'ml course', 'code24', 'sadik sir', 'ml by sadik sir', 'learn ml']",59.0,https://www.youtube.com/watch?v=_GqOTTHeXqc,223,20.0,machine+learning,305.0,0.7311475409836066,0.505
568,watch?v=5OuHe_skk0M,A journey to protect the Great Barrier Reef using Machine Learning,,TensorFlow,2022-05-11,['Science & Technology'],"['Tensorflow', 'machine learning', 'ai', 'great barrier reef', 'conservation', 'machine learning for the environment', 'Google I/O', 'Google IO', 'I/O', 'IO 2022', 'IO Google', 'I/O 2022']",286.0,https://www.youtube.com/watch?v=5OuHe_skk0M,51,275.0,machine+learning,344.0,0.1482558139534883,0.41
571,watch?v=Ol4egVsx7K0,UE5 e Unity: Anima√ß√£o Ultra Realista Usando Machine Learning (A.I),,Detonando Gueek,2022-05-05,['Science & Technology'],"['Detonando Gueek', 'unreal engine 5', 'ziva dynamics', 'anima√ß√£o 3d', 'unity', 'jogo realista', 'photorealismo', 'graficos', 'gr√°ficos xbox', 'graficos playstaion', 'mocap', 'next gen', 'GPU', 'Nvidia', 'AMD']",581.0,https://www.youtube.com/watch?v=Ol4egVsx7K0,10,1102.0,machine+learning,350.0,0.0285714285714285,0.307
578,watch?v=KjfMPxS2on8,Machine Learning basics,,Google Developers,2022-04-19,['Science & Technology'],"['Google', 'developers', 'What is machine learning', 'machine learning crash course', 'how do computers find patterns', 'how do you teach a computer', 'computer parameters machine learning', 'ml', 'machine learning basics', 'basic principles of machine learning', 'machine learning parameters', 'google developers', 'google technology', 'google devs', 'google tech', 'tensorflow', 'GDS: Yes']",283.0,https://www.youtube.com/watch?v=KjfMPxS2on8,25,839.0,machine+learning,366.0,0.0683060109289617,0.39
582,watch?v=q6kJ71tEYqM,Machine Learning vs Deep Learning,,IBM Technology,2022-03-31,['Education'],,470.0,https://www.youtube.com/watch?v=q6kJ71tEYqM,228,7902.0,machine+learning,385.0,0.5922077922077922,0.338
594,watch?v=vaQxdBEcBzU,"Live Day 2- Discussing Ridge, Lasso And Logistic Regression Machine Learning Algorithms",,Krish Naik,2022-02-02,['Education'],"['yt:cc=on', 'introduction to machine learning algorithms', 'simple linear regression', 'mutiple linear regression tutorial', 'r squared and adjusted r square', 'ridge regression', 'lasso regression tutorial', 'logistic regression tutorial']",6761.0,https://www.youtube.com/watch?v=vaQxdBEcBzU,112,4052.0,machine+learning,442.0,0.253393665158371,0.399
600,watch?v=GDCnydDWRnM,What is a Machine Learning Engineer,,AltexSoft,2022-01-13,['Science & Technology'],"['machine learning', 'ML engineer', 'data science', 'machine learning engineer', 'data scientist']",705.0,https://www.youtube.com/watch?v=GDCnydDWRnM,24,1037.0,machine+learning,462.0,0.0519480519480519,0.504
613,watch?v=RC7GTAKoFGA,Le Machine Learning c‚Äôest quoi ?,,Defend Intelligence,2021-12-08,['Howto & Style'],"['machine learning', 'deep learning', 'comprendre le machine learning', 'intelligence artificielle', ""equation d'un chat"", 'd√©finition machine learning', ""c'est quoi l'intelligence artificielle"", 'machine learning python', 'apprentissage automatique', 'machine learning fran√ßais', 'apprentissage supervis√©', 'machine learning tutoriel', 'apprentissage non supervis√©']",335.0,https://www.youtube.com/watch?v=RC7GTAKoFGA,33,1890.0,machine+learning,498.0,0.0662650602409638,0.398
623,watch?v=X-t1stfKZFo,What is Loss function & Risk function in Machine Learning #machinelearning  #youtubeshorts #shorts,,BEPEC by Kanth - #BuildExperience & Get Hired!,2021-11-16,['Education'],"['egression loss', 'classification loss', 'adaptive loss', 'best loss function', 'deep learning', 'machine learning', 'loss function in deep learning', 'loss function in machine learning', 'loss function neural network', 'cost function machine learning', 'risk function', 'data analysis', 'risk management', 'machine learning tutorial', 'deep learning tutorial', 'deep learning cost function', 'Data Science Cost function', 'unfold data science', 'Loss function explained', 'how to calculate loss function']",59.0,https://www.youtube.com/watch?v=X-t1stfKZFo,1,76.0,machine+learning,520.0,0.0019230769230769,0.305
625,watch?v=4O-rqn3BD7I,"Powered by TensorFlow: Creating a custom, machine learning-powered drumming arm",,TensorFlow,2021-11-09,['Science & Technology'],"['Machine Learning', 'ML', 'ML community day', 'Machine learning community day', 'TensorFlow', 'TFX', 'tpu', 'artificial intelligence', 'AI', 'type: Upload Only', 'pr_pr: TensorFlow', 'campaign: TF: PoweredbyTF']",167.0,https://www.youtube.com/watch?v=4O-rqn3BD7I,184,237.0,machine+learning,527.0,0.349146110056926,0.39
634,watch?v=53andhb7SPM,Artificial Intelligence vs Machine Learning vs Deep Learning | Tutort Academy #Shorts #Datascience,,Tutort Academy,2021-10-10,['Education'],"['#datascienec', '#datasciencetraining', '#youtubeshorts', '#machinelearning', '#artificialintelligence', '#tutortacademy', '#tutortacademyreviews', '#tutortacademyshorts', '#learndatascience', '#datasciencetraininginbanaglore', '#machinelearningtraining']",21.0,https://www.youtube.com/watch?v=53andhb7SPM,2,96.0,machine+learning,557.0,0.0035906642728904,0.515
639,watch?v=sw3o0rAazMg,Machine Learning Projects You NEVER Knew Existed,,Nicholas Renotte,2021-09-17,['People & Blogs'],"['machine learning projects', 'machine learning', 'machine learning projects in python', 'machine learning projects for beginners', 'ml project ideas', 'ml projects for beginners', 'ai projects for beginners', 'ml project ideas for beginners', 'machine learning project']",920.0,https://www.youtube.com/watch?v=sw3o0rAazMg,81,3104.0,machine+learning,580.0,0.1396551724137931,0.371
647,watch?v=A1kgMEs_ALI,Artificial Intelligence Class 10 Ch 1 |AI vs Machine Learning vs Deep Learning (Differences) 2022-23,,Magnet Brains,2021-08-07,['Education'],"['artificial intelligence class 10 chapter 1', 'introduction to ai', 'excite', 'ai vs machine learning vs deep learning differences', 'artificial intelligence class 10 unit 1.2', 'artificial intelligence', 'artificial intelligence course', 'artificial intelligence class 10th', 'artificial intelligence class 10 cbse', 'artificial intelligence class 10 in hindi', 'artificial intelligence class 10 cbse chapter 1', 'differences between artificial intelligence machine learning deep learning', '2022-23', '2022', '2023']",1263.0,https://www.youtube.com/watch?v=A1kgMEs_ALI,61,1926.0,machine+learning,621.0,0.0982286634460547,0.496
651,watch?v=9gGnTQTYNaE,What is Machine Learning?,,IBM Technology,2021-07-14,['Science & Technology'],"['Machine Learning', 'Deep Learning', 'AI', 'Artificial Intelligence', 'supervised learning', 'unsupervised learning', 'Neural Networks', 'cloud computing', 'IBM', 'IBM Cloud', 'IBM Watson']",503.0,https://www.youtube.com/watch?v=9gGnTQTYNaE,59,1186.0,machine+learning,645.0,0.0914728682170542,0.531
657,watch?v=VAHoryyJPaA,What is machine learning (ML) in telugu,,NeoExplore,2021-06-19,['Education'],"['ml', 'machine learning', 'artificial intelligence', 'in telugu', 'explore', 'exploreedu', 'what is machine learning', 'introduction to machine learning', 'machine learning example', 'machine learning examples in real life', 'cse', 'cse ai and ml', 'cse ai', 'cse ml', 'future of ai', 'ai and ml', 'symbolic ai', 'ai machine learning', 'sagemaker', 'amazon sagemaker', 'deep learning ai', 'ai and machine learning', 'azure machine learning studio', 'machine learning for dummies bigquery ml', 'fraud detection machine learning']",532.0,https://www.youtube.com/watch?v=VAHoryyJPaA,23,1074.0,machine+learning,670.0,0.0343283582089552,0.432
662,watch?v=DazUaVu5MO0,Machine Learning VS Deep Learning : Quelles diff√©rences ?,,DataScientest,2021-05-19,['Science & Technology'],"['datascience', 'data science', 'data scientist', 'data analyst', 'data ing√©nieur', 'machine learning', 'deep learning', 'programmation python', 'bootcamp data science', 'formation data', 'formation data analyst', 'formation data scientist', 'elearning', 'formation data ingenieur', 'big data', 'coding bootcamp', 'python programming', 'cloud', 'cloud computing', 'dataviz', 'data tutoriel']",288.0,https://www.youtube.com/watch?v=DazUaVu5MO0,14,368.0,machine+learning,701.0,0.0199714693295292,0.403
672,watch?v=XUFLq6dKQok,FORMATION DEEP LEARNING COMPLETE (2021),,Machine Learnia,2021-04-25,['Education'],"['Machine Learning', 'Python', 'Deep Learning', 'Tensorflow', 'Keras', 'R√©seau de Neurone', 'Francais', 'Formation', 'MNIST', 'cds']",1857.0,https://www.youtube.com/watch?v=XUFLq6dKQok,683,26576.0,machine+learning,725.0,0.9420689655172414,0.376
686,watch?v=7WTEWyn9zfU,Diferencias entre Inteligencia Artificial vs Machine Learning vs Deep Learning,,Rafa Gonzalez Gouveia,2021-03-14,['Education'],"['gonzalezgouveia', 'data science espa√±ol', 'rafa gonzalez gouveia', 'rafa gonsales gouveia', 'rafa gonzalez gouveai', 'rafa gonzalez gouvaie', 'rafa gonzalez gouvaei', 'rafa gonzalez guoveia', 'rafa gonzalez guoveai', 'rafa gonzalez guovaie', 'inteligencia artificial', 'machine learning', 'aprendizaje de m√°quina', 'deep learning', 'aprendizale profundo']",377.0,https://www.youtube.com/watch?v=7WTEWyn9zfU,18,1083.0,machine+learning,767.0,0.0234680573663624,0.475
687,watch?v=HRjdxozngys,Lecture 1 : Introduction to machine learning Part 1,,Ahmed Yousry,2021-03-14,['People & Blogs'],,1304.0,https://www.youtube.com/watch?v=HRjdxozngys,32,411.0,machine+learning,767.0,0.0417209908735332,0.379
688,watch?v=ZftI2fEz0Fw,What is Machine Learning? | 100 Days of Machine Learning,,CampusX,2021-03-13,['Education'],"['machine learning tutorial', 'machine learning course', 'machine learning python', 'machine learning algorithms', 'machine learning explained', 'machine learning algorithms for data science', 'what is machine learning', 'what is machine learning in hindi', 'machine learning basics for beginners', 'end to end machine learning', 'What is machine learning with example?', 'Machine learning introduction', 'deep learning', 'campusx', 'machine learning', 'nitish singh campusx', 'nitish sir campusx']",1200.0,https://www.youtube.com/watch?v=ZftI2fEz0Fw,188,2474.0,machine+learning,768.0,0.2447916666666666,0.345
695,watch?v=1FZ0A1QCMWc,Supervised vs Unsupervised vs Reinforcement Learning | Machine Learning Tutorial | Simplilearn,,Simplilearn,2020-11-20,['Education'],"['supervised vs unsupervised vs reinforcement learning', 'supervised learning', 'unsupervised learning', 'reinforcement learning', 'supervised learning tutorial', 'unsupervised learning tutorial', 'types of machine learning', 'supervised learning algorithms', 'unsupervised learning algorithms', 'machine learning algorithms compared', 'supervised vs unsupervised learning', 'supervised vs unsupervised learning difference', 'machine learning tutorial', 'simplilearn machine learning', 'simplilearn']",387.0,https://www.youtube.com/watch?v=1FZ0A1QCMWc,109,2534.0,machine+learning,881.0,0.1237230419977298,0.485
698,watch?v=biVJlWRIUIk,Palestra: Machine Learning,,IFMS Campus Tr√™s Lagoas,2020-11-04,['Science & Technology'],,7149.0,https://www.youtube.com/watch?v=biVJlWRIUIk,59,6.0,machine+learning,897.0,0.0657748049052396,0.399
705,watch?v=MLaJbA82nzk,PCA problem / How to compute principal components / KTU Machine learning,,EduFlair KTU CS,2020-10-10,['Education'],"['pca example', 'pca example step by step', 'principal component analysis', 'pca machine learning', 'pca for dimensionality reduction', 'pca machine learning example', 'pca dimension reduction', 'pca problem example', 'pca principal component analysis', 'pca', 'principal component analysis machine learning', 'principal component analysis example', 'pca in machine learning', 'pca calculation example', 'dimensionality reduction pca', 'pca algorithm', 'pca algorithm example', 'pca algorithm steps']",1439.0,https://www.youtube.com/watch?v=MLaJbA82nzk,234,4684.0,machine+learning,922.0,0.2537960954446854,0.302
709,watch?v=O2wYwFOMQ24,1. Candidate Elimination Algorithm | Solved Example - 1 | Machine Learning by Mahesh Huddar,,Mahesh Huddar,2020-09-20,['Education'],"['candidate elimination algorithm', 'candidate elimination algorithm example', 'candidate elimination algorithm machine learning', 'candidate elimination algorithm python', 'candidate elimination Solved', 'candidate elimination solved example', 'candidate elimination VTU', 'candidate elimination VTU ML', 'candidate elimination VTU Lab', 'candidate elimination algorithm Implementation', 'candidate elimination algorithm youtube', 'Mahesh Huddar', 'version space', 'candidate elimination', 'find s algorithm']",929.0,https://www.youtube.com/watch?v=O2wYwFOMQ24,221,3698.0,machine+learning,942.0,0.2346072186836518,0.305
715,watch?v=Ip1a2JHdt3E,K√úNSTLICHE INTELLIGENZ vs. MACHINE LEARNING vs. DEEP LEARNING,,Florian Dalwigk,2020-08-25,['Education'],"['k√ºnstliche intelligenz', 'k√ºnstliche intelligenz erkl√§rt', 'k√ºnstliche intelligenz einfach erkl√§rt', 'k√ºnstliche intelligenz vs mensch', 'k√ºnstliche intelligenz vs deep learning', 'k√ºnstliche intelligenz vs machine learning', 'machine learning deutsch', 'machine learning deep learning unterschied', 'machine learning einfach erkl√§rt', 'machine learning einf√ºhrung', 'machine learning neuronale netze unterschied', 'k√ºnstliche neuronale netze', 'k√ºnstliche neuronale netze einfach erkl√§rt', 'florian dalwigk']",508.0,https://www.youtube.com/watch?v=Ip1a2JHdt3E,106,3182.0,machine+learning,968.0,0.1095041322314049,0.477
717,watch?v=vpm8T-JhOjo,Introduction to Machine Learning | Artificial Neurons | Malayalam.,,m2power future,2020-08-08,['Education'],"['Perceptron', 'Artificial Neural Network', 'Artificial Neuron', 'Artificial Intelligence', 'artificial intelligence in malayalam', 'machine learning malayalam', 'artificial intelligence and machine learning malayalam', 'artificial intelligence examples in daily life', 'how will artificial intelligence affect your life in malayalam', 'deep learning introduction', 'deep learning examples in real life', 'ai applications examples', 'artificial intelligence examples in malayalam']",791.0,https://www.youtube.com/watch?v=vpm8T-JhOjo,31,1298.0,machine+learning,985.0,0.0314720812182741,0.356
725,watch?v=nFEwZtfSfuM,AI vs Machine Learning vs Deep Learning | Bangla Tutorial | CS Bangla,,CS Bangla,2020-07-01,['Education'],"['csbangla', 'CS Bangla', 'cs bangla', 'bangla programming tutorial', 'programming tutorial', 'ai vs machine learning vs deep learning', 'ai vs ml vs dl', 'artificial intelligence vs machine learning vs deep learning', 'artificial intelligence', 'machine learning', 'deep learning', 'what is ai', 'what is ml', 'what is dl', 'what is artificial intelligence', 'what is machine learning', 'what is deep learning', 'deep learning vs machine learning', 'ai vs ml vs dl bangla tutorial', 'avishek']",682.0,https://www.youtube.com/watch?v=nFEwZtfSfuM,9,270.0,machine+learning,1023.0,0.0087976539589442,0.422
738,watch?v=1k37OcjH7BM,Andrew Ng: Advice on Getting Started in Deep Learning | AI Podcast Clips,,Lex Fridman,2020-02-21,['Science & Technology'],"['andrew ng', 'artificial intelligence', 'ai', 'ai podcast', 'artificial intelligence podcast', 'lex clips', 'lex fridman', 'lex podcast', 'lex mit', 'lex ai', 'mit ai', 'ai podcast clips', 'ai clips']",1606.0,https://www.youtube.com/watch?v=1k37OcjH7BM,263,9028.0,machine+learning,1154.0,0.2279029462738301,0.416
744,watch?v=mE58Q_sAUa8,Minuto Zoox - Machine Learning,,Zoox Smart Data,2020-01-03,['Science & Technology'],,59.0,https://www.youtube.com/watch?v=mE58Q_sAUa8,89,6.0,machine+learning,1203.0,0.0739817123857024,0.415
748,watch?v=k2P_pHQDlp0,AI VS ML VS DL VS Data Science,,Krish Naik,2019-11-26,['Education'],"['Artificial Intelligence', 'Machine Learning', 'Deep Learning', 'Data Science']",585.0,https://www.youtube.com/watch?v=k2P_pHQDlp0,2,60570.0,machine+learning,1241.0,0.0016116035455278,0.326
751,watch?v=OeU5m6vRyCk,AI: What is Machine Learning?,,Code.org,2019-12-02,['Education'],"['Code.org', 'computer science', 'code', 'Hour of Code']",176.0,https://www.youtube.com/watch?v=OeU5m6vRyCk,93,785.0,machine+learning,1235.0,0.0753036437246963,0.508
753,watch?v=t5z5lyrb-7s,"Introdu√ß√£o ao Machine Learning (ML de Zero a 100, parte 1)",,TensorFlow,2019-11-13,['Science & Technology'],"['Coding TensorFlow', 'Machine learning zero to hero', 'zero to hero', 'intro to ML', 'ML', 'machine learning', 'ML model python', 'python language', 'AI', 'artificial intelligence', 'AI advocate', 'code for machine learning', 'machine learning code', 'TensorFlow', 'tensorflow coding', 'tf coding', 'Laurence Moroney']",411.0,https://www.youtube.com/watch?v=t5z5lyrb-7s,25,1573.0,machine+learning,1254.0,0.0199362041467304,0.318
762,watch?v=qeJjdOeBS74,Hindi Machine Learning Tutorial 1 - What is Machine Learning?,,codebasics Hindi,2019-09-15,['People & Blogs'],"['machine learning hindi', 'deep learning hindi tutorial', 'machine learning python hindi', 'machine learning tutorial hindi', 'codebasics hindi', 'machine learning tutorial in hindi', 'machine learning in hindi', 'what is machine learning in hindi', 'python machine learning in hindi', 'machine learning course in hindi', 'machine learning python in hindi', 'machine learning tutorial in hindi playlist', 'ml in hindi', 'what is machine learning hindi', 'machine learning full course in hindi']",384.0,https://www.youtube.com/watch?v=qeJjdOeBS74,66,1792.0,machine+learning,1313.0,0.0502665651180502,0.3
764,watch?v=ccZ2pyr3YDw,"Qual a diferen√ßa entre Intelig√™ncia Artificial, Machine Learning, Data Science, Deep Learning, etc?",,Filipe Deschamps,2019-08-23,['Science & Technology'],"['inteligencia artificial', 'inteligencia artificial curso', 'inteligencia artificial python', 'inteligencia artificial python curso', 'programar inteligencia artificial python', 'curso de ia', 'Machine Learning', 'machine learning tutorial', 'machine learning tutorial python', 'machine learning tutorial portugues', 'Data Science', 'data science python', 'data science python tutorial', 'Deep Learning', 'deep learning tutorial', 'deep learning tutorial python', 'python inteligencia artificial']",1196.0,https://www.youtube.com/watch?v=ccZ2pyr3YDw,310,23625.0,machine+learning,1336.0,0.2320359281437125,0.336
766,watch?v=VMp6pq6_QjI,AI Learns to Park - Deep Reinforcement Learning,,Samuel Arzt,2019-08-23,['Science & Technology'],"['AI', 'Neural Networks', 'Deep Learning', 'Reinforcement Learning', 'Deep Reinforcement Learning', 'Car', 'Simulation', '3D', 'Unity', 'Unity3D', 'madewithunity', 'Machine Learning', 'ML', 'ANNs', 'ML-Agents', 'Unity ML-Agents', 'PPO', 'Proximal Policy Optimization', 'RL', 'Parking']",665.0,https://www.youtube.com/watch?v=VMp6pq6_QjI,2,46093.0,machine+learning,1336.0,0.0014970059880239,0.599
782,watch?v=8AHNAqpi6T8,ULTIMA HORA EL PRESIDENTE NICOL√ÅS MADURO USA INTELIGENCIA ARTIFICIAL,,Noticias Alejo,2023-04-19,['People & Blogs'],"['Ultimas Noticias', '√∫ltima hora', 'noticias de √∫ltimo momento', 'noticias virales', 'noticias', 'noticias nacionales', 'noticias nueva', 'noticias de √∫ltima hora', 'noticias del mundo', 'noticias Alej√≥', 'aledi te muestra', 'Venezuela', 'lo mejor el noticias', 'las mejores noticias', 'noticias de √∫ltimo minuto', 'noticas a nivel mundial', 'noticias de Latinoam√©rica', 'noticias de los estados unidos', 'noticiasalejo', 'lo mejor del chisme', 'noticias de los famosos', 'lo mejor del f√∫tbol', 'f√∫tbol']",57.0,https://www.youtube.com/watch?v=8AHNAqpi6T8,1,0.0,inteligencia+artificial,1.0,1.0,0.297
793,watch?v=_BYAYw8J6hY,Intelig√™ncia Artificial pode ser considerada arte?,,R√°dio Bandeirantes,2023-04-19,['News & Politics'],"['felipe kieling', 'inteligencia artificial', 'jornal gente', 'ouvir radio bandeirantes', 'radio band', 'radio bandeirantes', 'radio bandeirantes oficial']",634.0,https://www.youtube.com/watch?v=_BYAYw8J6hY,86,6.0,inteligencia+artificial,1.0,86.0,0.297
878,watch?v=rHonLlycV84,ARIANA GRANDE VS LA INTELIGENCIA ARTIFICIAL ¬øQUI√âN CANTA MEJOR? | VOCAL COACH REACCIONA | Gret Rocha,,Gret Rocha,2023-04-13,['Music'],"['ariana grande', 'voz real ariana grande', 'vocal coach reacciona', 'inteligencia artificial', 'ariana grande ia', 'ariana grande inteligencia artificial', 'vocal coach']",930.0,https://www.youtube.com/watch?v=rHonLlycV84,20,1780.0,inteligencia+artificial,7.0,2.857142857142857,0.335
931,watch?v=4SPwc1AyMsk,Document√°rio BBC: Intelig√™ncia artificial pode ter consci√™ncia?,,BBC News Brasil,2023-04-02,['News & Politics'],"['bbc brasil', 'bbcbrasil', 'not√≠cias internacionais', 'bbc news brasil', 'bbc', 'ia', 'intelig√™ncia artificial', 'sociedade', 'filosofia', 'humanidade', 'tecnologia', '√©tica']",966.0,https://www.youtube.com/watch?v=4SPwc1AyMsk,60,3833.0,inteligencia+artificial,18.0,3.333333333333333,0.302
940,watch?v=SKWUCIIuJOg,A INTELIG√äNCIA ARTIFICIAL EST√Å NO COMANDO,,Verdade Mundial,2023-03-31,['Science & Technology'],"['Steve Wozniak', 'Elon Musk', 'Inteligencia Artificial', 'MidJourney', 'Discord', 'Chat', 'GPT', 'IA', 'AI', 'Tecnologia', 'Computadores', 'Revolu√ß√£o das M√°quinas', 'Not√≠cias', 'Bizarro', 'Verdade Mundial', 'Alerta', 'Papa', 'High Tech', 'Tech', 'Futuro', 'Sociedade']",506.0,https://www.youtube.com/watch?v=SKWUCIIuJOg,14,2080.0,inteligencia+artificial,20.0,0.7,0.336
942,watch?v=Bb00OzRSiLE,Inteligencia artificial: Expertos advierten el peligro para la humanidad,,Meganoticias,2023-03-31,['News & Politics'],,1270.0,https://www.youtube.com/watch?v=Bb00OzRSiLE,22,331.0,inteligencia+artificial,20.0,1.1,0.311
950,watch?v=P4c0Tp8j-oQ,√â OFICIAL: INTELIG√äNCIA ARTIFICIAL √â AMEA√áA AO PLANETA!,,"Fala, M.R.",2023-03-30,['News & Politics'],"['IA', 'inteligencia artificial', 'carta inteligencia artificial', 'AI', 'elon musk', 'yuval harari', 'tecnologia', 'futuro', 'planeta terra', 'empregos', 'ecologia', 'programa√ß√£o', 'mundo', 'opini√£o', 'maur√≠cio ricardo']",487.0,https://www.youtube.com/watch?v=P4c0Tp8j-oQ,46,9358.0,inteligencia+artificial,21.0,2.1904761904761907,0.302
965,watch?v=8R0r8_TN0lE,Intelig√™ncia artificial consegue ler e entender PDFs #tecnologia #chatgpt #inteligenciaartificial,,Jornada Top,2023-03-26,['People & Blogs'],,53.0,https://www.youtube.com/watch?v=8R0r8_TN0lE,23,3148.0,inteligencia+artificial,25.0,0.92,0.316
1089,watch?v=poibyvs19SA,INTELIG√äNCIA ARTIFICIAL PODE ACABAR COM DUBLAGEM NO BRASIL #pixeltutoriais #inteligenciaartificial,,Pixel Tutoriais por: Allan Portes,2023-02-24,['Education'],,52.0,https://www.youtube.com/watch?v=poibyvs19SA,1,94.0,inteligencia+artificial,55.0,0.0181818181818181,0.299
1153,watch?v=S3gQQCdW95g,INTELIG√äNCIA ARTIFICIAL: A ARGENTINA vai USAR essa tecnologia para CONTER A INFLA√á√ÉO no PA√çS #shorts,,Economista Sincero,2023-02-08,['People & Blogs'],,51.0,https://www.youtube.com/watch?v=S3gQQCdW95g,17,1995.0,inteligencia+artificial,71.0,0.2394366197183098,0.404
1157,watch?v=ivBmeIktgKQ,IA no fortnite inteligencia artificial chegou! #inteligenciaartificial #shorts #short #epicgames,,VOV√î JOGA TAMBEM,2023-02-08,['Gaming'],"['v√≠deo', 'compartilhamento', 'celular com c√¢mera', 'videofone', 'gratuito', 'envio', 'epic games', 'Inteligencia artificial']",46.0,https://www.youtube.com/watch?v=ivBmeIktgKQ,59,3.0,inteligencia+artificial,71.0,0.8309859154929577,0.318
1170,watch?v=D1tecJvHscc,A inteligencia artificial pode fazer o meu trabalho? Tecnologia e produtividade,,Ullysses Mazine,2023-02-02,['Education'],"['chatgpt', 'ia', 'tecnologias', 'dall-e', 'carreira', 'empregos', 'educa√ß√£o', 'futuro', 'conhecimento', 'inteligenciaartifial', 'computadores', 'escola', 'gpt', 'lensa', 'avatar', 'criar imagem', 'fotos']",596.0,https://www.youtube.com/watch?v=D1tecJvHscc,63,5.0,inteligencia+artificial,77.0,0.8181818181818182,0.325
1206,watch?v=hDmnxJPDPQY,El primer manga hecho con inteligencia artificial,,Ale C√≥mics,2023-01-23,['Entertainment'],,39.0,https://www.youtube.com/watch?v=hDmnxJPDPQY,106,12516.0,inteligencia+artificial,87.0,1.2183908045977012,0.315
1219,watch?v=yObQbC04ooA,Usando Intelig√™ncia Artificial para Criar V√≠deos Profissionais #shorts #inteligenciaartificial,,Jonata Ribas,2023-01-18,['News & Politics'],"['geopolitica', 'guerra', 'guerra mundial', 'world war 3', 'not√≠cias', 'geopolitics', 'apocalipse']",136.0,https://www.youtube.com/watch?v=yObQbC04ooA,77,12.0,inteligencia+artificial,92.0,0.8369565217391305,0.353
1250,watch?v=ntBZtvsusag,Inteligencia artificial recrea el pasado del arte,,SignoMx,2023-01-02,['News & Politics'],"['leonardo da vinci', 'van gogh', 'arte', 'inteligencia artificial', '3d', 'animaci√≥n', 'pinturas cl√°sicas', 'surrealismo', 'cubismo', 'g√≥tico', 'bauhaus', 'art deco', 'pop art', 'modernismo', 'renacimiento', 'Egipto', 'grecia', 'la ultima cena', 'pinturas rupestres', 'pinturas sobre oleo', 'la Gioconda', 'monna lisa', 'pasado', 'pintores', 'escultores', '2023', 'cultura', 'historia', 'dise√±o', 'roma', 'educaci√≥n', 'ciencia', 'robotica', 'ciencia y arte']",42.0,https://www.youtube.com/watch?v=ntBZtvsusag,6,330.0,inteligencia+artificial,108.0,0.0555555555555555,0.308
1272,watch?v=6ByImUj5XuA,¬øC√≥mo usar la Inteligencia Artificial para redactar las funciones de tu CV? (Luego ad√°ptalas!),,Eva Porto RRHH,2022-12-13,['Education'],"['Empleo', 'Trabajo', 'Empleabilidad', 'Consejos', 'Tips', 'RRHH', 'Recursos Humanos', 'inteligencia artificial', 'chat gpt', 'curriculum', 'hoja de vida', 'como redactar las funciones del CV']",10.0,https://www.youtube.com/watch?v=6ByImUj5XuA,4,257.0,inteligencia+artificial,128.0,0.03125,0.29
1271,watch?v=SA4QLAd-AwQ,¬°EL FILTRO DE INTELIGENCIA ARTIFICIAL QUE TODOS EST√ÅN USANDO! #shorts,,Eliot Channel Mx,2022-12-13,['Entertainment'],,59.0,https://www.youtube.com/watch?v=SA4QLAd-AwQ,242,30285.0,inteligencia+artificial,128.0,1.890625,0.153
630,watch?v=ywbVXMuhDhk,Part 21-KNN machine learning model for regression,,Pedram Jahangiry,2021-11-01,['Education'],,1453.0,https://www.youtube.com/watch?v=ywbVXMuhDhk,975,24.0,machine+learning,535.0,1.822429906542056,0.243
734,watch?v=D9-UGlvWbaA,Machine Learning in Telugu | Supervised Unsupervised Reinforced in Telugu | Artificial Intelligence,,Vamsi Bhavani,2020-03-10,['Education'],"['machine learning', 'machine learning in telugu', 'vamsi bhavani', 'telugu', 'engineering', 'supervised learning', 'unsupervised learning', 'Reinforced data', 'reinforcement learning', 'artificial intelligence in telugu', 'deep learning', 'deep learning in telugu', 'machine learning series', 'artificial intelligence', 'neural networks', 'artificial neurons', 'perceptrons', 'in telugu', 'basics of artificial intelligence', 'introduction to artificial intelligence', 'data science', 'data science in telugu']",985.0,https://www.youtube.com/watch?v=D9-UGlvWbaA,37,1275.0,machine+learning,1136.0,0.0325704225352112,0.193
1107,watch?v=LV7phg8gyH4,Los 10 MEJORES PROMPTS para ChatGPT [ Como usar la INTELIGENCIA ARTIFICIAL ],,üíÄ SALVAJE üíÄ,2023-02-20,['Education'],"['inteligencia artificial', 'chatgpt', 'chat gpt', 'como ganar dinero con la inteligencia artificial', 'inteligencia artificial 2023', 'ia', 'mejores prompts para chatgpt', 'mejores prompts', 'como usar chatgpt', 'prompt', 'prompt chatgpt', 'prompt chat gpt espa√±ol', 'prompt inteligencia artificial', 'pagina web inteligencia artificial', 'pagina web chatgpt', 'crear pagina web chatgpt']",1186.0,https://www.youtube.com/watch?v=LV7phg8gyH4,424,32445.0,inteligencia+artificial,59.0,7.186440677966102,0.108
1228,watch?v=gz7g6qKz8oY,Crea v√≠deos con inteligencia artificial a partir de texto 3 (profundizamos en D-ID),,Miguel Donoso 360,2023-01-16,['People & Blogs'],"['presentadores virtuales', 'avatares fotorrealistas', 'inteligencia artificial', 'herramientas de v√≠deo', 'cabezas parlantes', 'v√≠deos de marketing', 'contenido comercial', 'personalizaci√≥n de v√≠deos', 'D-ID', 'plataformas de aprendizaje electr√≥nico', 'empresas Fortune 500', 'agencias de marketing', 'plataformas de redes sociales', 'creadores de contenido', 'tecnolog√≠a de inteligencia artificial generativa', 'producci√≥n de videos a gran escala', 'estudio de autoservicio', 'API', 'complementos']",541.0,https://www.youtube.com/watch?v=gz7g6qKz8oY,680,61.0,inteligencia+artificial,94.0,7.23404255319149,0.065
1030,watch?v=XcvV_UgSDWY,D√Å PARA GANHAR DINHEIRO COM A INTELIG√äNCIA ARTIFICIAL? #shorts,,CALMA PORR@,2023-03-08,['People & Blogs'],,39.0,https://www.youtube.com/watch?v=XcvV_UgSDWY,2,184.0,inteligencia+artificial,43.0,0.0465116279069767,0.188
1215,watch?v=ddFXihkFmL4,Gerei Mais de 100 IMAGENS INCR√çVEIS De Sites Com INTELIGENCIA ARTIFICIAL (INSANO),,Sala Ninja,2023-01-19,['Education'],"['inteligencia artificial', 'ganhar dinheiro com inteligencia artificial', 'web design inteligencia artificial', 'criar imagens com inteligencia artificial', 'midjourney']",935.0,https://www.youtube.com/watch?v=ddFXihkFmL4,2,156.0,inteligencia+artificial,91.0,0.0219780219780219,0.067
615,watch?v=j8NVVIbb0ao,(ID 2730) ESTA√á√ÉO METEOROL√ìGICA SUSTENT√ÅVEL APLICADA COM IOT E MACHINE LEARNING,,Congresso de Inicia√ß√£o Cient√≠fica da UnB e do DF,2021-12-07,['People & Blogs'],,329.0,https://www.youtube.com/watch?v=j8NVVIbb0ao,192,36.0,machine+learning,499.0,0.3847695390781563,0.198
1233,watch?v=5xQNKtcxw9k,üöÄCreando Macros Eficientes en Excel con la Ayuda de la Inteligencia Artificial: Gu√≠a B√°sica,,JF Profesor,2023-01-14,['Education'],"['#excel', '#microsoft', '#microsoftexcel', '#office', '#exceltips', '#microsoftoffice', '#msexcel', '#exceltutoriales', '#excelproyectos', '#exceldashboard', '#data', '#proyectos', '#controlproyectos', '#primaverap6', '#primaverariskanalysis', '#precomisionamiento', '#comisionamiento', '#paradasdeplantas', '#simulacion', '#montecarlo', '#shorts']",307.0,https://www.youtube.com/watch?v=5xQNKtcxw9k,366,17.0,inteligencia+artificial,96.0,3.8125,0.086
1155,watch?v=Wn2JQFNYLtw,Voc√™ conhecia essa inteligencia artificial? #mikedev,,Mikeedev,2023-02-08,['Science & Technology'],,17.0,https://www.youtube.com/watch?v=Wn2JQFNYLtw,149,17049.0,inteligencia+artificial,71.0,2.0985915492957745,0.159
1039,watch?v=83RDF7dXA2M,ARTES de PERSONAGENS FAMOSOS CRIADOS POR INTELIGENCIA ARTIFICIAL #inteligenciaartificial,,Cristian Scott Films,2023-03-07,['Entertainment'],"['ARTES de PERSONAGENS FAMOSOS CRIADOS POR INTELIGENCIA ARTIFICIAL', 'arte de inteligencia artificial', 'personagens criados por inteligencia artificial', 'imagens de personagens criados por inteligencia artificial', 'melhores artes feito por inteligencia artificial', 'artes criada por inteligencia artificial', 'arte criada por inteligencia artificial', 'inteligencia artificial', 'arte de ia', 'cultura pop inteligencia artificial', 'intelig√™ncia artificial vai dominar o mundo', 'intelig√™ncia artificial']",875.0,https://www.youtube.com/watch?v=83RDF7dXA2M,13,2.0,inteligencia+artificial,44.0,0.2954545454545454,0.208
1006,watch?v=cVNLJgGaRAs,5 Intelig√™ncias Artificiais (IA) Que Podem Te Deixar Milion√°rio,,Jovens de Neg√≥cios,2023-03-15,['People & Blogs'],"['intelig√™ncia artificial que cria imagens', 'intelig√™ncia artificial ganhar dinheiro', 'ia que cria imagens', 'ia que cria desenhos', 'Intelig√™ncias Artificiais Que Podem Te Deixar Milion√°rio', 'como ganhar dinheiro com ia', 'como ganhar dinheiro com intelig√™ncia artificial', 'como ficar rico', 'ganhar dinheiro na internet', 'chat gpt', 'intelig√™ncia artificial', 'chatgpt']",1119.0,https://www.youtube.com/watch?v=cVNLJgGaRAs,119,14924.0,inteligencia+artificial,36.0,3.305555555555556,0.205
610,watch?v=SUhSi8lqmhw,COMO CONSTRUIR APLICA√á√ïES DE MACHINE LEARNING COM PYTHON,,Eduardo | Ci√™ncia dos Dados,2021-12-14,['Science & Technology'],,2721.0,https://www.youtube.com/watch?v=SUhSi8lqmhw,11,160.0,machine+learning,492.0,0.0223577235772357,0.036
1135,watch?v=4IFPSatnLBE,"ALETHEA CRYPTO DE INTELIGENCIA ARTIFICIAL NFTs, PROMISSORA?",,Pettenon xtrader,2023-02-14,['Education'],"['intelig√™ncia artificial', 'criptomoedas', 'inteligencia artificial', 'criptomoedas hoje', 'an√°lise de criptomoedas de inteligencia artificial', 'intelig√™ncia artificial 2023', 'robo com intelig√™ncia artificial', 'criar v√≠deo com intelig√™ncia artificial', 'intelig√™ncia artificial google', 'criptomoedas promissoras', 'previs√£o da intelig√™ncia artificial para criptomoedas em 2033', 'intelig√™ncia artificial e criptomoedas', 'criptomoedas e intelig√™ncia artificial', 'chatgpt', 'bitcoin', 'analise bitcoin']",809.0,https://www.youtube.com/watch?v=4IFPSatnLBE,242,35.0,inteligencia+artificial,65.0,3.723076923076923,0.091
543,watch?v=r5xYuAMpeoE,Machine Learning Engineer | Machine Learning Roadmap | ML Engineer | Telugu | Pashams,,Pashams,2022-07-01,['Education'],"['machine learning engineer responsibilities', 'machine learning roadmap', 'machine learning engineer roadmap', 'machine learning engineer career', 'machine learning interview questions', 'machine learning interview', 'machine learning engineer jobs', 'ml engineer', 'machine learning engineer', 'machine learning engineer job', 'machine learning engineer career path', 'how to become a machine learning engineer', 'machine learning jobs', 'machine learning career', 'pashams', 'sushmita madhu', 'machine learning']",598.0,https://www.youtube.com/watch?v=r5xYuAMpeoE,6,0.0,machine+learning,293.0,0.0204778156996587,0.174
1142,watch?v=v9A3jaC1qa4,Criar meu Avatar QUE FALA com Inteligencia Artificial | Passo a Passo!,,Mundo Paiva Tutoriais,2023-02-13,['Science & Technology'],"['mundo paiva tutoriais', 'criar avatar que fala com inteligencia artificial', 'criar avatar com inteligencia arttificial', 'avatar com ia', 'criar avatar com ia', 'cadastro no d-id', 'conta no d-id', 'd-id', 'como criar um avatar falante', 'intelig√™ncia artificial', 'inteligencia artificial', 'como fazer um avatar da minha foto', 'como fazer meu avatar', 'criar avatar 3d online gr√°tis', 'avatar virtual', 'como fazer seu avatar', 'como criar meu avatar', 'fazer avatar com foto', 'criar avatar online', 'fazer avatar']",320.0,https://www.youtube.com/watch?v=v9A3jaC1qa4,337,13.0,inteligencia+artificial,66.0,5.106060606060606,0.05
1093,watch?v=k_0ChD8mCDY,Rob√¥ De IA Aterroriza Funcion√°rios Antes De Ser Desligado Rapidamente!,,FutureUnity PT,2023-02-23,['Science & Technology'],,1120.0,https://www.youtube.com/watch?v=k_0ChD8mCDY,295,11501.0,inteligencia+artificial,56.0,5.267857142857143,0.075
859,watch?v=B5LRA-g9Pmo,"Cierre de Wall Street: Cuidado con el uso de la inteligencia artificial, y oportunidades de mercado",,Negocios TV,2023-04-17,['News & Politics'],"['wall street', 'cierre de wall street', 'inteligencia artificial', 'mercados', 'mercado americano', 'economia', 'crisis economica', 'recuperacion economica', 'ia', 'negocios tv', 'estados unidos', 'eeuu', 'economia eeuu', 'economia estados unidos', 'open ia', 'chatbot', 'chatbot open ia', 'chatgpt', 'chatgpt eeuu', 'chatgpt estados unidos', 'prediccion mercado chatgpt', 'analisis mercado chat gpt', 'analisis mercado open ia', 'analisis mercado chatgpt', 'mercado', 'mercado eeuu']",1290.0,https://www.youtube.com/watch?v=B5LRA-g9Pmo,2,55.0,inteligencia+artificial,3.0,0.6666666666666666,0.157
1302,watch?v=2p7_u12iiJg,Vaticano - 2022-11-19 - Inteligencia Artificial y la Revoluci√≥n Francesa - la Iglesia Durante las Tr,,EWTNespanol,2022-11-19,['Entertainment'],"['sva', 'sva11548', 'ytsync-es']",1612.0,https://www.youtube.com/watch?v=2p7_u12iiJg,1,129.0,inteligencia+artificial,152.0,0.006578947368421,0.172
1239,watch?v=uG_06KtwsPQ,INTELIGENCIA ARTIFICIAL para CREAR CONTENIDO ‚ÄºÔ∏è#capcut #ai,,Milo Content,2023-01-10,['Education'],,53.0,https://www.youtube.com/watch?v=uG_06KtwsPQ,4,435.0,inteligencia+artificial,100.0,0.04,0.206
1312,watch?v=8uyG_2BHy6A,Este SITE cria V√çDEOS com INTELIG√äNCIA ARTIFICIAL #shorts #sites #inteligenciaartificial #tecnologia,,Emerson Carvalho - PontoCanal,2022-10-24,['Science & Technology'],"['#pontobrothers', 'intelig√™ncia artificial', 'inteligencia artificial', 'fazer v√≠deo', 'videos gratis', 'intelig√™ncia artificial google', 'robo com intelig√™ncia artificial', 'criar v√≠deo com intelig√™ncia artificial', 'criar v√≠deo', 'v√≠deo intelig√™ncia artificial', 'criador de v√≠deos ia', 'ia', 'ai', 'transformar texto em v√≠deo', 'intelig√™ncia artificial gratuita', 'avatar intelig√™ncia artificial', 'transformar texto em fala', 'intelig√™ncia artificial para v√≠deos']",55.0,https://www.youtube.com/watch?v=8uyG_2BHy6A,647,51.0,inteligencia+artificial,178.0,3.634831460674157,0.077
805,watch?v=XUxNaz1j-yw,OnClass - La Inteligencia Artificial y el dise√±o de moda,,Audaces Latam,2023-04-18,['Entertainment'],,3997.0,https://www.youtube.com/watch?v=XUxNaz1j-yw,500,58.0,inteligencia+artificial,2.0,250.0,0.138
683,watch?v=D540xxXnDQA,Reinventing Fragrance and Flavor Design with Machine Learning,,Visium,2021-03-19,['Film & Animation'],,631.0,https://www.youtube.com/watch?v=D540xxXnDQA,1,16.0,machine+learning,762.0,0.0013123359580052,0.115
1102,watch?v=33hhxPiHND8,Como CREAR TU AVATAR con INTELIGENCIA ARTIFICIAL [ TUTORIAL de MIDJOURNEY para crear im√°genes ],,üíÄ SALVAJE üíÄ,2023-02-21,['Education'],"['inteligencia artificial', 'midjourney', 'como usar midjourney', 'como ganar dinero con la inteligencia artificial', 'inteligencia artificial 2023', 'ia', 'avatar inteligencia artificial', 'como crear tu avatar con inteligencia artificial', 'midjourney tutorial', 'midd journey ai tutorial', 'tutorial midjourney', 'como usar midjourney gratis', 'crear imagenes con ia', 'crear imagenes con mi journey']",771.0,https://www.youtube.com/watch?v=33hhxPiHND8,201,14948.0,inteligencia+artificial,58.0,3.4655172413793105,0.075
910,watch?v=XyuA7tG5fB4,La Inteligencia Artificial llega a World of Warcraft,,Champe Gaming,2023-04-06,['Gaming'],"['inteligencia artificial', 'chat gpt world of warcraft', 'evenlabs', 'world of warcraft', 'mejores addons wow', 'wow voice addon', 'chat gpt', 'inteligencia artificial aplicada a videojuegos']",343.0,https://www.youtube.com/watch?v=XyuA7tG5fB4,22,889.0,inteligencia+artificial,14.0,1.5714285714285714,0.196
562,watch?v=1O_BenficgE,Predict The Stock Market With Machine Learning And Python,,Dataquest,2022-05-23,['Education'],,2155.0,https://www.youtube.com/watch?v=1O_BenficgE,71,1848.0,machine+learning,332.0,0.2138554216867469,0.097
526,watch?v=u9fhLChk3mE,The Fastest Way To Become A Machine Learning Engineer,,Smitha Kolan - Machine Learning Engineer,2022-08-20,['Science & Technology'],"['how to learn machine learning', 'machine learning', 'learn machine learning', 'ml', 'machine learning course', 'ml course', 'ai course', 'data science', 'data science project', 'machine learning engineer', 'how to become a machine learning engineer', 'get a job in machine learning', 'fastest way to become a machine learning engineer']",694.0,https://www.youtube.com/watch?v=u9fhLChk3mE,20,880.0,machine+learning,243.0,0.0823045267489712,0.227
778,watch?v=ELE2_Mftqoc,Reinforcement Learning Course - Full Machine Learning Tutorial,,freeCodeCamp.org,2019-05-14,['Education'],"['reinforcement learning', 'machine learning', 'machine learning course', 'reinforcement learning course', 'deep q network', 'deep q-learning algorithm', 'deep learning game', 'deep q learning tutorial', 'q-learning', 'deep reinforcement learning', 'q learning', 'neural network', 'python', 'pytorch', 'python tutorial', 'deep learning', 'reinforcement learning python', 'artificial intelligence']",14127.0,https://www.youtube.com/watch?v=ELE2_Mftqoc,387,7060.0,machine+learning,1437.0,0.2693110647181628,0.206
1064,watch?v=8_CeF2xlMt4,INTELIGENCIA ARTIFICIAL para corregir ojos en una foto,,Complemento Digital,2023-03-02,['Howto & Style'],"['Esteban Zenteno', 'Complemento Digital', 'Senpai Digital', 'dalle2', 'dall e 2', 'dall-e 2', 'dall e 2 tutorial', 'como usar dall e 2', 'dalle 2', 'dali 2', 'dali 2 ai', 'dallee 2', 'dall-e 2 tutorial', 'dale 2', 'midjourney', 'outpainting', 'totorial dall e 2 espa√±ol', 'dall e 2 gratis', 'dall e 2 demo', 'dalle 2 demo', 'inteligencia artificial que dibuja', 'inteligencia artificial', 'ia', 'ai']",56.0,https://www.youtube.com/watch?v=8_CeF2xlMt4,3,160.0,inteligencia+artificial,49.0,0.0612244897959183,0.131
988,watch?v=Bb5KvM-rShI,Inteligencia Artificial para ganhar de $8 a $1000 d√≥lares por imagem criada,,Cayke Barbosa,2023-03-19,['People & Blogs'],"['intelig√™ncia artificial', 'como criar imagens com inteligencia artificial', 'como criar imagens com inteligencia artificial pelo celular', 'inteligencia artificial', 'ganhe dinheiro gr√°tis com imagens criadas por intelig√™ncia artificial', 'como ganhar dinheiro com imagens criadas por i.a', 'como vender imagens criadas por inteligencia artificial', 'playground ai', 'leonardo.ai tutorial', 'leonardo.ai discord', 'black rabbit ai']",1508.0,https://www.youtube.com/watch?v=Bb5KvM-rShI,557,71.0,inteligencia+artificial,32.0,17.40625,0.067
989,watch?v=BGsKmqtHBQg,VIDEOJUEGOS creados por INTELIGENCIA ARTIFICIAL ü§Øü§ñ #shorts #videojuegos,,Soy Thalas,2023-03-17,['Gaming'],,56.0,https://www.youtube.com/watch?v=BGsKmqtHBQg,178,32604.0,inteligencia+artificial,34.0,5.235294117647059,0.158
655,watch?v=5Y3-Bcv-tmw,Trying to do machine learning on an AMD 6700xt and actually doing it on a Vega 56 using AMD_ROCM,,dmoneyballa,2021-07-03,['Science & Technology'],"['tensorflow', '6700xt', '6700 xt', 'amd machine learning', 'ml', 'image-classificationm']",675.0,https://www.youtube.com/watch?v=5Y3-Bcv-tmw,8,97.0,machine+learning,656.0,0.0121951219512195,0.193
1255,watch?v=gUtXlvxCYxs,Creo una Canci√≥n de Drake con Inteligencia Artificial (Suena mejor que una Original),,AbmBusiness ,2022-12-29,['Entertainment'],"['drake', 'ia', 'inteligenciaartificial', 'cancion', 'canciondesde0', 'cancionhechaconia', 'cancioninteligenciaartificial']",517.0,https://www.youtube.com/watch?v=gUtXlvxCYxs,34,1113.0,inteligencia+artificial,112.0,0.3035714285714285,0.242
875,watch?v=5fdOoMBRV4o,Apostillas varias: Zizek y la inteligencia artificial.,,Fernando Castro Fl√≥rez,2023-04-12,['Education'],,1668.0,https://www.youtube.com/watch?v=5fdOoMBRV4o,10,622.0,inteligencia+artificial,8.0,1.25,0.255
660,watch?v=ggmDI9_fm54,DEEP LEARNING EXPLICADO,,Ci√™ncia Todo Dia,2021-05-26,['Science & Technology'],"['deep learning', 'deep learning explicado', 'machine learning', 'machine learning explicado', 'aprendizado de maquina', 'aprendizado de m√°quina', 'rede neural', 'redes neurais', 'ia', 'inteligencia artificial', 'data science', 'ci√™ncias da computa√ß√£o', 'machine learning tutorial', 'deep learning tutorial', 'curso de machine learning', 'ci√™ncia de dados', 'tecnologia', 'o que √© machine learning', 'curso de inteligencia artificial', 'machine learning curso', 'curso machine learning', 'redes neurais artificiais']",745.0,https://www.youtube.com/watch?v=ggmDI9_fm54,232,34560.0,machine+learning,694.0,0.3342939481268011,0.207
537,watch?v=Z_ikDlimN6A,Learn PyTorch for deep learning in a day. Literally.,,Daniel Bourke,2022-07-23,['Education'],,92218.0,https://www.youtube.com/watch?v=Z_ikDlimN6A,595,21314.0,machine+learning,271.0,2.195571955719557,0.218
1040,watch?v=FdZ8LKiJBhQ,¬øC√≥mo funciona ChatGPT? La revoluci√≥n de la Inteligencia Artificial,,Nate Gentile,2023-03-07,['Science & Technology'],"['tecnologia', 'informatica', 'chatgpt', 'inteligencia artificial', 'ia', 'bing chat', 'transformers', 'google']",3045.0,https://www.youtube.com/watch?v=FdZ8LKiJBhQ,2,102112.0,inteligencia+artificial,44.0,0.0454545454545454,0.232
853,watch?v=FxWFwWKJTx4,LA INTELIGENCIA ARTIFICIAL SE DESCONTROLA,,Jaconor 73,2023-04-17,['People & Blogs'],,564.0,https://www.youtube.com/watch?v=FxWFwWKJTx4,24,3479.0,inteligencia+artificial,3.0,8.0,0.197
